rnn_x,rnn_y,rnn_z,gru_x,gru_y,gru_z,lstm_x,lstm_y,lstm_z,bi_lstm_x,bi_lstm_y,bi_lstm_z,lstm_attention_x,lstm_attention_y,lstm_attention_z,stacked_lstm_x,stacked_lstm_y,stacked_lstm_z
3.5712528,2.9262109,4.2166886,4.1036725,4.055883,4.659936,4.568815,4.7019205,5.3776717,4.25177,2.1183696,4.706563,4.468057,3.5020883,4.613298,4.468057,3.5020883,4.613298
6.2805605,0.58982867,4.1386323,8.444599,1.6814388,4.3799233,7.3898587,2.239617,5.6464944,8.734358,1.6943563,4.5096374,8.848802,1.390041,4.60192,8.848802,1.390041,4.60192
4.411909,-0.19115141,4.18341,6.7968173,1.4840373,4.3309755,6.799565,2.3390315,5.3781557,6.500138,1.2108903,4.8167615,8.153643,0.989083,4.6000805,8.153643,0.989083,4.6000805
4.6132464,-0.49178073,4.137296,7.2029557,1.5303174,4.3137426,7.2005825,2.2720697,5.5389376,6.8049016,1.148251,4.8241177,8.4653225,1.0095522,4.605121,8.4653225,1.0095522,4.605121
3.9527092,4.621111,4.418936,4.7957892,5.304957,4.6345234,4.6818233,5.4105005,5.3023095,5.290889,3.694346,4.564864,4.110049,4.6656065,4.6030307,4.110049,4.6656065,4.6030307
5.138705,4.119007,4.509252,5.960679,4.561747,4.57363,4.2985473,3.2293851,4.8474464,7.0402646,3.2157528,4.5725384,5.3085017,3.8781793,4.604291,5.3085017,3.8781793,4.604291
4.924147,3.2013807,4.526996,6.550842,3.8942146,4.5378275,4.8276687,3.0455995,4.859479,7.4297705,2.3635767,4.5631995,6.2216897,3.1041842,4.593646,6.2216897,3.1041842,4.593646
